ID,知识类型,题干,题目类型,题目内容,选项A,选项B,选项C,选项D,正确答案,解析
1,javascript,执行以下程序，输出结果为（）,single,"function a(){
  var a = 1,b = 2;
  var c = d = '1';
}
a();
console.log(typeof b);
console.log(typeof d);",undefined undefined,undefined string,number undefined,抛出异常,B,"代码等价于
function a(){
  // 变量提升后的等价代码：
  var a;           // 声明提升到函数顶部
  var b;           // 声明提升到函数顶部  
  var c;           // 声明提升到函数顶部
  a = 1;
  b = 2;
  d = '1';         // 隐式全局变量（没有提升，执行到这里才创建）
  c = d;
}
a();
console.log(typeof b);  // """"undefined""""（b 是局部变量，外部访问不到）
console.log(typeof d);  // """"string""""（d 是全局变量）"
2,javascript,下面表达式的结果是（）,single,void();,undefined,TypeError,null,SyntaxError,D,"void();  // SyntaxError: Unexpected token ')'
//    解析器期望一个表达式，但遇到了空括号"
3,javascript,以下代码的输出是什么？,single,"const map = new Map();
const objKey1 = { id: 1 };
const objKey2 = { id: 1 };
map.set(objKey1, 'value1');
map.set(objKey2, 'value2');
console.log(map.size);
console.log(map.get({ id: 1 }));",1 value2,2 undefined,1 value1,2 value1,B,对于对象，比较的是引用而非值。objKey1和objKey2虽然结构相同但是不同的引用，所以Map中有两个条目（size为2）。map.get({id:1})创建了一个新对象，其引用与objKey1和objKey2都不同，所以返回undefined。
4,javascript,控制台输出顺序正确的是（）,single,"setTimeout(function () {
    console.log(1);
}, 0);
new Promise(function executor(resolve) {
    console.log(2);
    for (var i = 0; i < 10000; i++) {
        i == 9999 && resolve();
     }
    console.log(3); 
}).then(function () {
    console.log(4); 
});
console.log(5);",25341,23541,52341,51234,B,"先执行同步代码：Promise构造函数内的console.log(2)、循环后的console.log(3)，以及最后的console.log(5)。
然后执行微任务：Promise的then回调console.log(4)。
最后执行宏任务：setTimeout的回调console.log(1)。"
5,javascript,以下代码的输出是什么？,single,"let i;
for (i = 0; i < 3; i++) {
    setTimeout(() => console.log(i), 0);
}
for (let j = 0; j < 3; j++) {
    setTimeout(() => console.log(j), 0);
}",0 1 2 0 1 2,3 3 3 0 1 2,0 1 2 3 3 3,3 3 3 3 3 3,B,第一个循环使用let i声明在循环外，所有回调共享同一个i变量。循环结束后i为3，三个回调都输出3。第二个循环使用let j在循环头部声明，每次迭代创建新的j变量作用域，回调各自捕获不同的j值（0、1、2）。最终输出3 3 3 0 1 2。
6,javascript,执行如下代码说法正确的有（）,multiple,"// 代码片段
var a = 10;
let b = 20;
function testVar() {
  console.log(a); // (A)
  var a = 30;
  console.log(a); // (B)
}
function testLet() {
  console.log(b); // (C)
  let b = 40;
  console.log(b); // (D)
}
testVar();
testLet();",注释是（A）处，打印undefined,注释是（B）处，打印30,注释是（C）处，报错 Cannot access 'b' before initialization,注释是（D）处，打印40,ABC,"这个题目很好地体现了var和let在变量提升和暂时性死区方面的重要区别：
- var声明的变量存在提升,未赋值时为undefined
- let声明的变量不会提升,在声明前访问会报错
- 暂时性死区使得let变量在声明前不能被访问
C选项正确:
  在testLet()函数中,由于let不存在变量提升,且存在暂时性死区(Temporal Dead Zone),在变量声明前访问变量会抛出ReferenceError。
D选项错误:
  由于C处已经抛出错误,代码执行会终止,不会继续执行到D处。"
7,javascript,执行以下程序，输出结果为（）,single,"function Foo() {
    var i = 0;
    return function() {
        console.log(i++);
    }
}
var f1 = Foo();
var f2 = Foo();
f1();
f1();
f2();",0 1 0,0 1 2,0 0 0,0 0 2,A,"这道题目考察了JavaScript中的闭包(Closure)和作用域概念。
函数Foo()每次被调用时会创建一个新的作用域,其中包含一个局部变量i。返回的匿名函数形成了一个闭包,可以访问这个作用域中的变量i。
代码执行过程:
1. var f1 = Foo() 创建第一个闭包,其中i初始值为0
2. var f2 = Foo() 创建第二个闭包,其中i初始值也为0
3. f1()执行时,输出第一个闭包中的i(0),然后i++变为1
4. f1()再次执行时,输出当前i值(1),然后i++变为2
5. f2()执行时,输出第二个闭包中的i(0),因为f2引用的是另一个独立的作用域"
8,javascript,执行以下程序，下列选项中，说法错误的是（）,single,"function fn(value){
    console.log(arguments instanceof Array); ...①
    console.log(arguments.length);...②
    console.log(value);...③
    var arr = [...arguments];...④
}
fn(1,2,3);",①式的输出结果为false,②式输出结果为2,③式的输出结果为1,④式可以利用arguments对象新生成一个数组,B,"关键知识点：
1. arguments对象是所有函数中都可以访问的类数组对象
2. arguments.length反映实际传入的参数个数
3. 函数的形参会按顺序接收实际传入的参数
4. 展开运算符可以将类数组对象转换为数组
A选项正确：
arguments是一个类数组对象，而不是真正的数组，所以arguments instanceof Array的结果确实是false。
B选项错误：
arguments.length反映的是函数调用时实际传入的参数个数。这里传入了1,2,3三个参数，所以length为3而不是2。
C选项正确：
value接收的是第一个参数的值，因此输出1是正确的。在函数参数中，value对应第一个传入的参数。
D选项正确：
展开运算符(...)可以将类数组对象转换为真正的数组，这里[...arguments]确实可以将arguments转换为包含所有参数的新数组[1,2,3]。"
9,javascript,请问以下 JS 代码最终输出的结果是（）,single,"function func(a, b) {
  ((c) => {
    console.log(arguments[0]);
    ((d) => {
      console.log(arguments[0]);
    })(4)
  })(3);
};
func(1, 2);",3、4,1、3,1、1,3、3,C,箭头函数本身没有 arguments 对象，或者说箭头函数中 arguments 对象的值是由外围最近一层非箭头函数决定的，因此第一个箭头函数的 arguments 对象就是由函数 func 决定，输出第一个参数1，同理第二个箭头函数的 arguments 对象也是由函数 func 决定，输出第一个参数1。所以代码最终输出的结果是1、1，选项 C 正确。
10,javascript,以下代码的输出是什么？,single,"let a = { n: 1 };
let b = a;
a.x = a = { n: 2 };
console.log(a.x);
console.log(b.x);",{n: 2} undefined,undefined {n: 2},{n: 2} {n: 2},undefined undefined,B,连续赋值从右到左执行，但属性访问的引用在赋值前就已确定。a.x的引用指向原对象（b也指向它）。先执行a = {n:2}，a指向新对象。然后执行a.x = {n:2}，但这里的a.x的引用是之前确定的旧对象的x属性。所以旧对象（b指向的）获得x属性值为{n:2}，新对象（a指向的）没有x属性。
11,javascript,执行以下 JavaScript 代码，输出结果为（）,single,"var a = 4399 < 0 || typeof(4399 + '');
console.log(a);",true,string,number,false,B,
12,javascript,以下四行代码的执行结果分别是？,single,"undefined == null
0 == NaN
'' == 0
'' == null",true true true false,true false true false,false false true false,false true false true,B,"1. 在 JavaScript 里，undefined和null在进行宽松相等（==）比较时，它们被当作相等，这是语言本身的特殊设定。   
2. NaN和任何值（包括它自身）进行比较，结果都为false，这是NaN的特性。
3. null不会发生类型转换，空字符串和null属于不同类型，因此结果为false。"
13,javascript,请问以下JS代码最终输出的结果是（）,single,"const [a, b] = '123';
const {c, d} = '123';
console.log(a);
console.log(b);
console.log(c);
console.log(d);",undefined、undefined、undefined、undefined,1、2、1、2,undefined、undefined、1、2,1、2、undefined、undefined,D,"const [a, b] = '123';
这里是对字符串进行数组解构赋值。字符串是可迭代的，所以 '123' 相当于 ['1','2','3']。那么 a 得到 '1'，b 得到 '2'。所以 a 是 '1'，b 是 '2'。
const {c, d} = '123';
这里是对字符串进行对象解构赋值。字符串会被转换为对象，类似 new String('123')，它有属性索引：0,1,2 和 length 等。解构 {c, d} 会尝试从该对象中查找属性名为 c 和 d 的属性。字符串对象没有 c 和 d 属性，所以 c 和 d 都是 undefined。"
14,javascript,关于下面JS代码说法正确的是（）,single,"console.log('start')
async function ac () {
  console.log('ac-start');
  await new Promise((resolve) => {
    resolve('p3');
  }).then((res) => {
    console.log(res);
  });  
  await new Promise((resolve) => {
    console.log('p1');
    return 'p2';
  })
  console.log('success');
  return 'ac-end';
}
ac().then(res => console.log(res));
console.log('end');",第一个Promise，状态被切换为Resolved，允许代码继续往下执行,代码的打印顺序是：start ac-start end p3 p1,代码的打印顺序是：start ac-start end p3  p1 p2,第二个Promise，函数有返回，允许代码继续往下执行，能够打印出p2,B,"解析
第一步
首先执行整个脚本，这本身是一个宏任务。
1. 输出start
2. 遇到ac().then(……)
2.1 执行同步代码，输出ac-start
2.2 遇到await new Promise
2.2.1 执行Promise代码resolve('p3')，状态变为fulfilled。
2.2.2 由于Promise已解决，回调被放入微任务队列。注册微任务
P1(console.log('p3'))。
2.2.3 await后的代码暂停执行。
3. 输出end
控制台：start ac-start end
微任务：[P1(console.log('p3'))]
宏任务：[]
第二步
清空微任务队列。
1. 执行微任务P1，输出p3。
2. await等待的Promise状态变为resolved。
3. 引擎将async函数中第一个await之后的剩余代码包装成一个新的微任务P2。
控制台：start ac-start end p3
微任务：[P2]
宏任务：[]
第三步
清空微任务队列。
1. 执行微任务P2。
2. 遇到await new Promise
2.1 执行Promise代码，输出p1，执行 return 'p2'（无效，不改变 Promise 状
态）
2.2 await 遇到 pending 状态的 Promise，再次暂停 async 函数
没有调用 resolve，因此第二个 await 返回的 Promise 永远处于 pending，导
致不会将后续代码加入微任务队列，且ac().then(...)也永远不会执行。
控制台：start ac-start end p3 p1
微任务：[]
宏任务：[]"
15,javascript,以下代码的输出结果是什么？,single,"async function foo() {
    console.log(1);
    const p = Promise.resolve();
    await p;
    console.log(2);
}
console.log(3);
foo();
console.log(4);",3 1 4 2,3 1 2 4,1 3 4 2,3 4 1 2,A,console.log(3)先执行输出3，然后调用foo()，同步执行函数体到await之前，输出1。await p会将后续代码放入微任务队列。控制权返回主线程，输出4。微任务队列执行，输出2。最终顺序为3 1 4 2。
16,javascript,问：控制台打印的结果是？,single,"for(let i=0;i<2;i++){
    setTimeout(function(){
    console.log(i)
    },100);
}
for(var i=0;i<2;i++){
    setTimeout(function(){
        console.log(i)
    },100);
}",0 1 2 2,0 1 0 1,0 1 1 1,1 1 0 0,A,
17,javascript,非严格模式下，下面给定的代码中， myFunc() 返回什么？,single,"var foo='foo';
var bar='bar';
function myFunc() {
    return foo+bar;
}
myFunc();",抛出异常，超出访问范围,undefined,foobar,foo+bar,C,"代码等价于
// 1. 函数提升
function myFunc() {
    return foo + bar;
}
// 2. 变量声明提升（此时 foo, bar 初始化为 undefined）
var foo;
var bar;
// 3. 赋值操作留在原地
foo = 'foo';
bar = 'bar';
// 4. 调用函数
myFunc();  // 'foobar'"
18,javascript,在 es6 中，下面程序运行结果输出，选项结果正确的是,single,"for(let i=0;i<12;i++){} console.log(i);
const a = 12;a=13;
console.log(a);
const g = {b:3};
console.log(g.b);
g.b=12;console.log(g.b);
let [head,...tail] = [1,2,3,4];
conole.log(tail);","11,13,3,12，[3,4]","i not defined ,TypeError,TypeErrpr,4","11,12,3,3,4","i not defined,TypeError,3,12,[2,3,4]",D,"1. for(let i=0;i<12;i++){} console.log(i)
let声明的变量具有块级作用域,i只在for循环内部有效,循环结束后访问i会报""i not defined""错误。
2. const a = 12;a=13;
const声明的基本类型变量不能重新赋值,会抛出TypeError。
3. const g = {b:3}; console.log(g.b); g.b=12;console.log(g.b);
const声明的对象,虽然不能改变对象的引用,但可以修改对象的属性。所以输出是3,12。
4. let [head,...tail] = [1,2,3,4];console.log(tail);
这是数组的解构赋值,head获取第一个元素1,tail获取剩余元素[2,3,4]。
所以D选项""i not defined,TypeError,3,12,[2,3,4]""是正确答案。"
19,javascript,如下代码输出的结果是什么：,single,"console.log(1+ ""2""+""2"");
console.log(1+ +""2""+""2"");
console.log(""A""- ""B""+""2"");
console.log(""A""- ""B""+2);",122 122 NaN NaN,122 32 NaN NaN2,122 32 NaN2 NaN,122 32 NaN2 NaN2,C,"让我们逐行分析这段代码的执行过程:
1. console.log(1+ ""2""+""2"")
当数字1和字符串""2""相加时,数字会被转换为字符串,然后进行字符串拼接,所以1+""2""=""12"",再加上""2""得到""122""
2. console.log(1+ +""2""+""2"")
这里的第二个+是一元运算符,会将字符串""2""转换为数字2,所以1+ +""2""=1+2=3,然后3与最后的""2""字符串拼接,得到""32""
3. console.log(""A""- ""B""+""2"")
字符串相减会得到NaN(Not a Number),然后NaN与字符串""2""拼接,得到""NaN2""
4. console.log(""A""- ""B""+2)
同样字符串相减得到NaN,但这次是NaN与数字2相加,结果仍然是NaN
所以最终输出结果为:
122 32 NaN2 NaN"
20,javascript,下面一段JavaScript代码的运行结果是,single,"var a,b;
(function(){
    alert(a);
    alert(b);
    var a=b=3;
    alert(a);
    alert(b);
})();
alert(a);
alert(b);","undefined，undefined，3,3，undefined，3","undefined，undefined，3,3，undefined，undefined","0，0，3,3，undefined，undefined","undefined，undefined，3,3，0，0",A,"var a, b;
(function(){
    var a;
    alert(a);   // undefined
    alert(b);   // undefined
    b = 3;  // 全局变量b=3
    a = b;  // a=3
    alert(a);   // 3
    alert(b);   // 3
})();
alert(a);   // undefined
alert(b);   // 3"
21,javascript,依据以下JS代码，在位置A打印变量a与在位置B打印变量a各会有怎样的输出？,single,"var a = 1;
function test(){
    // 位置A
class a {}
   // 位置B
}
test();",1、class a {},报错、class a {},报错、报错,1、报错,B,class和let一样都有暂时性死区，在被声明前无法访问
22,javascript,执行以下程序，输出结果为（）,single,"function fn(o,val){
           o.b = 1;
           val = 1;
}
var obj = {b:0};
var num = 0;
fn(obj,num);
console.log(obj,num);",{b:0} 0,{b:1} 0,{b:0} 1,{b:1} 1,B,"这道题目考察了 JavaScript 中基本类型和引用类型的参数传递机制。
正确答案 B ({b:1} 0) 的原因在于：
1. 在 JavaScript 中，对象是通过引用传递的，而基本类型(如数字)是通过值传递的。
2. 当执行 fn(obj,num) 时：
- obj 作为对象是引用传递，所以函数内部修改 o.b = 1 会影响到外部的 obj 对象
- num 作为数字是值传递，所以函数内部修改 val = 1 不会影响到外部的 num 变量"
23,javascript,以下关于javascript判断语句说法不正确的是,single,,所有对象都被视为 true，即使是空对象 {},所有函数都被视为 true,NaN 被视为 true,除了空字符串 '' 以外的所有字符串都被视为 true,C,
24,javascript,"""+new Array(017)"" 这段代码输出为？（）",single,,17,NaN,15,Error,B,"代码 ""+new Array(017)"" 的执行过程如下：
1. 017 是八进制数字表示法，转换为十进制等于15
2. new Array(15) 会创建一个长度为15的空数组
3. 一元运算符 ""+"" 会尝试将数组转换为数字
4. [,,……,,] -> NaN
因此最终结果是 NaN，B选项正确。"
25,javascript,请问函数test最终输出的值是多少？,single,"var a = 1;
function test() {
    console.log(a);
    if(false) {
        var a = 2;
    }
}
test();",1,2,undefined,null,C,"函数会先去找自己内部的变量，内部有就不会往外面找，内部没有才去外面找 
var a = 1;
function test() {
    console.log(a);
    if(false) {
        var a = 2;
    }
}
test();
//其实代码执行过程如下：
var a ；
a = 1;
function test() { //函数会先去找自己内部的变量，内部有就不会往外面找，内部没有才去外面找
    var a; //变量提升
    console.log(a);
    if(false) { //因为false没有满足if的条件，所以不能进入if语句里进行赋值
        a = 2;    //if语句的条件把false改成true，就可以进入if语句赋值
    }
}
test();"
26,javascript,如何判断一个对象是否是Array，假设 arr 变量为要要判断的值，其中最准确的方法是？,single,,typeof(arr) === 'Array';,arr.isArray() === true;,arr.toString() ==='[object Array]';,Object.prototype.toString.call(arr) === '[object Array]';,D,"A选项中的typeof(arr) 返回的是 Object
B选项正确的用法是 Array.isArray(arr) === true
C选项 arr.toString() 返回的是数组的内容"
27,javascript,存在变量 var a = 10.42; 取出 a 的整数部分，以下代码哪些是正确的？,multiple,,parseInt(a);,Math.floor(a);,Math.ceil(a);,a.split('.')[0];,AB,"对于取出10.42的整数部分，A选项parseInt(a)和B选项Math.floor(a)都是正确的方法。
parseInt()函数将字符串或数字解析成整数，它会直接去掉小数部分。当传入数字10.42时，返回10。
Math.floor()函数返回小于或等于给定数字的最大整数。对于正数来说，它相当于直接舍去小数部分，所以Math.floor(10.42)返回10。
分析错误选项：
C. Math.ceil()函数是向上取整，会返回大于或等于给定数字的最小整数。对于10.42，Math.ceil()会返回11，不符合题目要求。
D. split('.')方法是字符串操作方法，不能直接用于数字类型。即使将数字转为字符串a.toString()后再split('.')，这种方式也不够专业，因为:
1) 需要额外的类型转换
2) 不能处理负数情况
3) 代码可读性较差
所以A和B是最合适的解决方案。它们都是JavaScript内置的处理数字的标准方法，具有更好的性能和可读性。"
28,javascript,以下代码的输出是什么？,single,"console.log(0.1 + 0.2 === 0.3);
console.log(Number.EPSILON > Math.abs(0.1 + 0.2 - 0.3));",true true,false false,false true,true false,C,由于IEEE 754浮点数精度问题，0.1+0.2的结果是0.30000000000000004，不等于0.3。所以第一个输出false。Number.EPSILON是JavaScript中能表示的最小精度差（约2.22e-16），而Math.abs(0.1+0.2-0.3)约为5.55e-17，小于EPSILON。所以第二个输出true，这是判断浮点数近似相等的常用方法。
29,javascript,x 的值是：,single,"function A() {
    this.do=function() {return ‘foo’;};
}
A.prototype=function() {
    this.do=function() {return ‘bar’};
};
var x=new A().do();",bar,报错,foo,undefined,C,"这道题目主要考察 JavaScript 中构造函数、原型链和函数执行优先级的相关知识点。
在代码中，x 的值为 'foo'，原因如下：
1. 当执行 new A() 时，会创建一个新的对象实例。在构造函数 A 中，通过 this.do 定义了一个方法，返回 'foo'。
2. 虽然代码试图通过 A.prototype 设置原型方法，但是设置方式有误：
- A.prototype 被赋值为一个函数，而不是一个对象
- 这个函数永远不会被执行，因为它不是正确的原型设置方式
- 正确的设置方式应该是 A.prototype.do = function() { return 'bar'; }
3. 实例方法优先级高于原型方法。即使原型上定义了同名方法，实例上的方法会优先被调用。"
30,javascript,下列选项中，不属于JavaScript继承的方式的一项是（）,single,,原型链继承,构造函数继承,组合继承,关联继承,D,"A. 原型链继承:是JavaScript最基本的继承方式,通过将子类的原型指向父类的实例来实现继承。主要使用prototype属性实现。
B. 构造函数继承:通过在子类构造函数中调用父类构造函数(使用call或apply方法)来实现继承,可以实现实例属性的继承。
C. 组合继承:结合了原型链继承和构造函数继承的优点,是JavaScript中最常用的继承模式。既能继承原型属性和方法,又能继承实例属性。
D. 关联继承:这个名词在JavaScript中并不存在,这是一个错误的说法。JavaScript中没有""关联继承""这种继承方式。
实际上,JavaScript中还有其他继承方式,如寄生式继承、寄生组合继承等,但""关联继承""并不在其中。因此D选项是不属于JavaScript继承方式的选项。"
31,javascript,请问以下JS代码最终输出的结果是（）,single,"class cls1 {};
class cls2 extends Object{};
console.log(cls1.__proto__ === Function.prototype);
console.log(cls1.prototype.__proto__ === Object.prototype);
console.log(cls2.__proto__ === Object);
console.log(cls2.prototype.__proto__ === Object.prototype);",false、false、true、true,true、true、false、false,true、true、true、true,true、false、true、true,C,"当一个类不存在任何继承即作为一个基类时，该类就是一个普通函数。因此类cls1就直接继承了Function.prototype，第一个打印输出true，选项A错误。
但是由于类cls1实例化后是返回一个空对象即Object实例，因此cls1.prototype.__proto__就是指向构造函数Object的prototype属性，第二个打印输出true，选项D错误。
如果是子类继承了Object类则可以认为子类是Object的复刻，因此类cls2其实就是构造函数Object的复刻，cls2的实例就是Object的实例，则cls2.__proto__指向Object、cls2.prototype.__proto__ 指向Object.prototype，第三四个打印输出true，选项B错误。
所以代码最终输出的结果是true、true、true、true，选项C正确。"
32,javascript,请问以下JS代码输出结果是什么？,single,"console.log(typeof ''.prototype);
console.log(typeof ''.__proto__); 
console.log(typeof ''.__proto__ === typeof ''.prototype);",object、object、true,undefined、undefined、true,undefined、object、false,object、undefined、false,C,"这道题目考察JavaScript中原型(prototype)和原型链(__proto__)的概念理解。让我们逐行分析代码输出:
1. typeof ''.prototype 结果为 undefined
因为只有函数对象才有prototype属性,而字符串是基本数据类型,没有prototype属性。
2. typeof ''.__proto__ 结果为 object
所有JavaScript对象(包括字符串)都有__proto__属性,指向该对象的原型。字符串的__proto__指向String.prototype,是一个对象。
3. typeof ''.__proto__ === typeof ''.prototype 结果为 false
因为前者结果是object,后者是undefined,两者类型不同,所以返回false。"
33,javascript,请问以下JS代码输出的结果是什么？,single,"function f(x) {
  console.log(x);
  var x = 200;
  console.log(x);
  }
f(a = 100);
console.log(a);",undefined、200、undefined,100、200、undefined,100、200、100,undefined、200、100,C,"这道题目考察了JavaScript中变量声明、函数参数传递以及变量作用域的概念。让我们逐行分析代码执行过程：
f(a = 100) 这种调用方式会先将 a 赋值为 100，然后将 100 作为参数传入函数 f。这里的 a 会成为全局变量。
在函数 f 内部：
1. 第一个 console.log(x) 输出 100，因为这是传入的参数值
2. var x = 200 会重新定义局部变量 x 并赋值为 200
3. 第二个 console.log(x) 输出 200，这是局部变量 x 的新值
4. 函数执行完后，最后一行 console.log(a) 输出 100，因为这是在全局作用域中访问之前赋值的全局变量 a
所以输出顺序是：100、200、100，C 选项正确。
这个题目还体现了 JavaScript 中变量提升(hoisting)的特性，尽管函数内部有 var x 的声明，但由于参数 x 的优先级更高，所以第一个输出仍然是参数值 100。"
34,javascript,下列程序的输出结果是（）,single,"let func1 = (a, b) => a + b;
console.info(func1(1, 1));
let func2 = (a, b) => {a + b};
console.info(func2(1, 1));
let func3 = (a, b) => {return a + b};
console.info(func3(1, 1));",undefined 2 2,undefined undefined 2,2 undefined 2,2 2 2,C,该问题考察 ES6 中的箭头函数，若箭头函数代码块部分没有大括号，默认返回表达式的结果，所以第一个输出应该为 2。若有大括号但是没有 return 语句，则没有任何返回值，所以第二个输出应为 undefined。若箭头函数代码块有大括号且有 return 语句，则返回结果，所以第三个输出为 2。综上正确输出为：2 undefined 2，C 选项正确。
35,javascript,假设 output 是一个函数，用来输出一行文本。下面这行语句输出结果是什么？,single,output(typeof (function() {output(“Hello World!”)})());,Object,string,function,Hello World! undefined,D,"这道题目考察了JavaScript中自执行函数表达式(IIFE)和typeof操作符的运行机制。
代码中包含了一个立即执行的匿名函数表达式。让我们逐步分析执行过程：
1. 首先,定义了一个匿名函数 function() {output(""Hello World!"")}
2. 通过末尾的()立即执行这个函数
3. 函数执行时会先输出""Hello World!""
4. 函数没有显式的return语句,所以返回undefined
5. 最后对这个undefined值执行typeof操作,结果为""undefined""
6. 最终输出""undefined""
所以完整的执行顺序是:先输出""Hello World!"",然后输出""undefined""。因此E选项""Hello World! undefined""是正确答案。"
36,javascript,下列表达式中，返回值为true的是（）,single,"①Object.is(NaN,NaN)
②Object.is(+0,-0)
③NaN === NaN
④+0 === -0",①④,①③,②③,②④,A,"这道题目考察了JavaScript中Object.is()方法和严格相等运算符===的区别。答案选A是正确的。
让我们逐项分析:
①Object.is(NaN,NaN) 返回true
- Object.is()方法判断两个值是否相同,它认为NaN和NaN是相同的
- 这与普通的相等(==)和严格相等(===)运算符的行为不同
②Object.is(+0,-0) 返回false
- Object.is()方法可以区分+0和-0,认为它们是不同的值
③NaN === NaN 返回false
- 在JavaScript中,使用严格相等运算符===比较NaN与任何值(包括NaN自身)都返回false
- 这是NaN的特殊性质
④+0 === -0 返回true
- 在JavaScript中,使用严格相等运算符===比较+0和-0会返回true
- 这是因为===运算符将+0和-0视为相同的值
所以选项中①和④为true,答案A是正确的。"
37,javascript,以下代码的输出是什么？,single,"const obj = {
[Symbol.toPrimitive](hint) {
if (hint === 'number') return 42;
if (hint === 'string') return 'hello';
return true;
}
};
console.log(+obj);
console.log(`${obj}`);
console.log(obj + '');",42 hello hello,42 hello true,42 42 hello,NaN hello true,B,Symbol.toPrimitive方法接收hint参数。+obj触发number hint，返回42。模板字符串`${obj}`触发string hint，返回'hello'。obj + ''触发default hint（不是string），因为+运算符在操作数不都是字符串时使用default hint，返回true，然后与''拼接得到'true'。
38,javascript,执行以下程序，输出结果为（）,single,"function P(){
  this.a = 1;
}
P.prototype.a = 2;
var p = new P();
delete p.a;
console.log(p.a);",1,2,undefined,其他选项均不正确,B,对象p自身拥有属性a，值为1，该属性本身不具有DontDelete属性，也就是可以使用delete进行删除的属性。同时，其原型对象上也有属性a，其值为2，原型对象上的属性都具有DontDelete特性的，不可删除的。因此，当使用delete p.a时，会删除对象p自身的属性a，而不会删除其原型对象上的属性a，也就是在删除后，访问到的属性a是其原型对象上的属性，所以输出结果为2，B选项正确。
39,javascript,"a,b,c值分别是什么：",single,"const a = ([]) ? true : false;
const b = [] ==false ? true : false;
const c = ({}==false) ? true : false;",false，true，true,true ，true，true,true ，false，false,true ，true，false,D,"这道题考察JavaScript中的类型转换和比较运算的概念。让我们逐个分析每个表达式：
a = ([]) ? true : false
空数组[]是一个真值，在进行布尔转换时结果为true，所以a的值为true。
b = [] == false ? true : false
这里涉及到==运算符的隐式类型转换规则：
1. 数组[]会先被转换为原始值，即空字符串""""
2. 空字符串""""会被转换为数字0
3. false也会被转换为数字0
4. 0 == 0 为true
所以b的值为true。
c = ({} == false) ? true : false
当对象{}与布尔值false进行==比较时：
1. 对象{}转换为原始值会得到""[object Object]""
2. 这个字符串无法与false相等
3. {} == false 结果为false
所以c的值为false。
因此结果为：
a = true
b = true
c = false
D选项(true，true，false)完全符合以上分析，是正确答案。"
40,javascript,以下Js程序的输出是什么（）,single,"val = 'smtg';
console.log ( 'Value is ' + ( val  ===  'smtg' )  ?  'Something' : 'Nothing' );",Value is Something,Value is Nothing,NaN,以上都不对,D,"运算符优先级：+ 的优先级高于 条件（三元）运算符 ? :。
因此表达式实际被解析为：
('Value is ' + (val === 'smtg')) ? 'Something' : 'Nothing'
而不是 'Value is ' + ((val === 'smtg') ? 'Something' : 'Nothing')。
val === 'smtg' 结果为 true，'Value is ' + true 得到字符串 ""Value is true""。
非空字符串是 truthy 值，所以条件成立，整个三元表达式返回 'Something'。
最终 console.log 输出 Something。"
FLUSH1,frontend,以下哪个选项不是动态加载DLL时需要做的事情？,single,,引入lib文件,引入带有库函数声明、定义的头文件,调用LoadLibrary或LoadLibraryEx,调用GetProcAddress,A,"同花顺前端笔试第一题
DLL（动态链接库）是一个包含可执行函数和资源的模块，通常用于共享代码和资源。它的文件扩展名为 .dll，在Windows系统中被广泛使用。DLL文件不能独立运行，而是需要由其他应用程序调用。它的主要作用是通过动态链接机制，在程序运行时加载所需的函数或资源，从而提高代码复用性和程序效率。
调用DLL主要有静态调用和动态调用两种方式。
静态调用：将.lib文件和头文件添加到调用项目中，并在代码中使用 #pragma comment(lib, ""xxx.lib"") 链接DLL。
动态调用：通过 LoadLibrary 加载DLL，并使用 GetProcAddress 获取函数地址。"
FLUSH2,frontend,utf-8编码下，一个字符最多占几个字节？,single,,1个,2个,3个,4个,D,"同花顺前端笔试第二题
UTF-8 编码下，一个字符占用 1 到 4 个字节。所有英文字符（A–Z、a–z、0–9、常用标点）在 UTF-8 中都是单字节存储，而中文等非 ASCII 字符通常占 3 字节，Emoji 等特殊符号可能占 4 字节。"
FLUSH3,frontend,在公司局域网上ping www.10jqka.com.cn一定不涉及的网络协议是？,single,,UDP,DNS,ICMP,RAAP,D,"同花顺前端笔试第三题
ping 命令使用 ICMP 协议发送回显请求和接收应答，同时需要 DNS 将域名解析为 IP 地址（通常使用 UDP 传输），而 RAAP 并非标准网络协议，因此一定不涉及。
ICMP：互联网控制报文协议，用于网络诊断（如 ping、traceroute）和错误报告，ping 命令的核心协议。"
FLUSH4,frontend,关于计算机网络，下列描述当中，正确的是,single,"A、在同一信道上同一时刻，可进行双向数据传送的通信方式是半双工
B、TCP协议是无连接的；UDP协议是面向连接的
C、假设一个主机的ip地址为192.168.8.123，而子网掩码为255.255.255.248，那么该主机的网络号是 192.168.8.120
D、计算机网络中的OSI结构分别是：物理层，数据链路层，传输层，会话层，表示层，应用层",A,B,C,D,C,"同花顺前端笔试第四题
A: 半双工允许双向通信但不能同时，全双工才是同时双向。所以A错误。
B: TCP是面向连接的，UDP是无连接的。说反了，B错误。
C: IP 192.168.8.123，子网掩码255.255.255.248，即/29，网络号是IP与掩码按位与。248二进制11111000，123二进制01111011，与后得01111000即120，所以网络号192.168.8.120，正确。
D: OSI七层模型缺少了网络层，顺序也有问题。正确顺序：物理层、数据链路层、网络层、传输层、会话层、表示层、应用层。所以D错误。
因此正确答案是C。"
FLUSH5,frontend,使Cache命中率最高的替换算法是,single,,FIFO,RAND,LRU,FILO,C,"同花顺前端笔试第五题
在常见的程序访问局部性特征下，LRU（最近最少使用）算法能较好地保留近期频繁访问的数据，替换最久未使用的块，通常命中率高于FIFO（先进先出）、RAND（随机）和FILO（先进后出），因此是四种中命中率最高的替换算法。"
FLUSH6,frontend,以下不是使用TCP的应用层协议是？,single,,HTTP,DHCP,SMTP,FTP,B,"同花顺前端笔试第六题
HTTP、SMTP、FTP 均基于 TCP 协议，提供可靠传输；而 DHCP（动态主机配置协议）基于 UDP 协议，使用广播方式发送请求，因此不是使用 TCP 的应用层协议。"
FLUSH7,frontend,在同一信道上同一时刻，可进行双向数据传送的通信方式是,single,,全双工,单工,半双工,上述三种均不是,A,"同花顺前端笔试第七题
全双工通信方式允许数据在同一时刻进行双向传输；单工只能单向传输；半双工可以双向传输但不能同时进行。因此，符合“同一时刻双向传送”的是全双工。"
FLUSH8,frontend,把background-size属性设为以下何值时，能在保持原图像的宽高比的前提下，缩放到能放进背景区的尺寸,single,,auto,contain,cover,100% 100%,B,"同花顺前端笔试第八题
contain 会在保持图像原始宽高比的前提下，将图像缩放至完全适应背景区域（即整个图像都能显示出来，可能背景区有留白）；而 cover 会覆盖整个区域但可能裁剪； auto 显示原始尺寸；100% 100%会拉伸图像导致变形。因此，符合“保持宽高比且缩放到能放进背景区”的是 contain 。"
FLUSH9,frontend,下列关系选择器例子中，用于匹配相邻选择器，即匹配兄弟元素的是,single,,#demo+div,#demo div,#demo>div,#demo~div,A,"同花顺前端笔试第九题
#demo+div 是相邻兄弟选择器，匹配紧跟在 #demo 后面的同级 div 元素；#demo div 是后代选择器；#demo>div 是子选择器；#demo~div 是通用兄弟选择器（匹配之后所有同级 div）。题目要求“相邻选择器，即匹配兄弟元素”特指相邻兄弟，因此选 A。"
FLUSH10,frontend,多线程和多进程的程序各有什么优缺点？分别用在什么场合？,shortanswer,,,,,,,"""多线程的优点：共享内存、通信高效、切换开销小；缺点是同步复杂、一个线程崩溃可能影响整个进程。适合I/O密集型或需要频繁数据共享的场合（如Web服务器）。
多进程的优点：地址空间隔离，一个进程崩溃不影响其他进程，稳定性高；缺点是创建和切换开销大、进程间通信（IPC）较复杂。适合CPU密集型或对可靠性要求高的场合（如Chrome浏览器每个标签页独立进程）。"""
FLUSH11,frontend,至少说出四种以上Linux的版本,shortanswer,,,,,,Ubuntu、Debian、CentOS、Red Hat Enterprise Linux (RHEL)、Kali Linux,"""Debian：以稳定和自由软件原则为核心，采用严格的软件包测试流程，是许多其他发行版的基础。
Ubuntu：基于Debian，以易用性和桌面友好著称，拥有庞大的社区和丰富的软件支持，适合新手、桌面用户及服务器。
Red Hat Enterprise Linux (RHEL)：商业企业级发行版，提供长期支持、认证和专业服务，广泛应用于关键业务环境。
CentOS：曾是RHEL的免费克隆版，提供企业级稳定性，常用于服务器，但目前已转向CentOS Stream（滚动发布）。
Kali Linux：基于Debian，专为渗透测试和安全审计设计，预装大量安全工具。"""
FLUSH12,frontend,一网络的子网掩码为255.255.255.240问该网络能够连接多少个主机？,shortanswer,,,,,,14,255.255.255.240二进制为11111111.11111111.11111111.11110000，即前28位为网络位，后4位为主机位。因此可分配的 IP 地址数为 2^4 = 16，减去网络地址和广播地址，实际可用主机数为 14。
FLUSH13,frontend,请用你擅长的语言，编写一个函数，实现字符串的大小写转换功能。,shortanswer,比如输入“welcome to myhexin”，输出“WELCOME TO MYHEXIN”,,,,,,"""// 1. 使用已有函数
function swapCase(str, flag){
    if(flag === true) return str.toUpperCase();
    else return str.toLowerCase();
}
// 2. 手动实现
function UpChar(str){
    // 转换大写字母功能实现
    let res = '';
    for(let i=0;i<str.length;i++){
        if('a'<=str[i] && str[i]<='z') res += String.fromCharCode(str.charCodeAt(i) - 32);
        else res += str[i];
    }
    return res
}
function LowChar(str){
    // 转换小写字母功能实现
    let res = '';
    for(let i=0;i<str.length;i++){
        if('A'<=str[i] && str[i]<='Z') res += String.fromCharCode(str.charCodeAt(i) + 32);
        else res += str[i];
    }
    return res
}
function swapCase(str, flag){
    if(flag === true) return UpChar(str);
    else return LowChar(str);
}"""
FLUSH14,frontend,请编写一个函数，输入某个人的生日后，可以计算出今年还有多少天过生日。,shortanswer,,,,,,,"/*
    @param {string} birthDate - The birth date in YYYY-MM-DD format
    @returns {number} The number of days until the next birthday
*/
function getDaysUntilBirthday(birthDate){
    const now = new Date();
    const birth = new Date(birthDate);
    const nowYear = now.getFullYear();
    const birthMonth = birth.getMonth();      // 0-11
    const birthDay = birth.getDate();         // 1-31
    // 创建今年的生日日期（时间部分设为 00:00:00）
    let nextBirthday = new Date(nowYear, birthMonth, birthDay);
    nextBirthday.setHours(0, 0, 0, 0);
    const today = new Date(now);
    today.setHours(0, 0, 0, 0);
    // 如果今年的生日已经过了，计算明年的生日
    if (nextBirthday < today) {
        nextBirthday = new Date(nowYear + 1, birthMonth, birthDay);
        nextBirthday.setHours(0, 0, 0, 0);
    }
    // 计算天数差
    const timeDiff = nextBirthday.getTime() - today.getTime();
    const daysUntil = Math.round(timeDiff / (1000 * 60 * 60 * 24));
    return daysUntil;
}
console.log(getDaysUntilBirthday('1990-05-01'));  // 今年生日还没到：正数
console.log(getDaysUntilBirthday('1990-01-01'));  // 今年生日已过：计算明年
console.log(getDaysUntilBirthday('1990-04-20'));  // 今天生日：0
console.log(getDaysUntilBirthday('2000-02-29'));  // 闰年生日：测试边界"
FLUSH15,frontend,表达式B*（A-C)/（D+E-F）的后缀表达式是,shortanswer,,,,,,BAC-DE+F-/,根据运算符优先级和括号，先计算括号内的减法 A-C 得 AC-，然后乘以 B 得 BAC-，再计算分母部分 D+E-F，其中加法和减法同级从左到右，先 D+E 得 DE+，再减 F 得 DE+F-，最后做除法，因此后缀表达式为 BAC-*DE+F-/。
FLUSH16,frontend,很多IM有消息已读标志，请简述下发一个消息到界面展示已读，数据在客户端和网络上的流程。,shortanswer,,,,,,核心流程：[发送方A] → [IM服务器] → [接收方B] → [B点击阅读] → [服务器] → [A界面更新],"发送方客户端生成消息并分配唯一ID，通过TCP长连接将消息数据包（含ID、内容、会话信息等）发送到IM服务器；服务器接收后存储消息，并立即向发送方返回“已送达”确认，同时将消息推送给接收方客户端（若在线）或暂存等待拉取。
接收方客户端收到消息后展示在聊天界面，当用户打开该会话或主动阅读消息时（例如进入聊天窗口、消息滚动到可视区域），客户端自动构造“已读回执”数据包（包含消息ID和会话ID），通过TCP连接发送给服务器；服务器更新消息状态为“已读”，并将该回执转发给发送方客户端。
发送方客户端收到已读回执后，更新本地界面中对应消息的标识（例如从“已送达”改为“已读”）。整个过程基于TCP协议保证可靠传输，数据格式常采用JSON或Protobuf，服务器作为中转中心完成消息存储、推送及状态同步。"
FLUSH17,frontend,请例举常见的序列化协议，并简要描述优缺点。,shortanswer,,,,,,,"序列化协议是指将内存中的数据结构、对象或状态转换为一种可存储或可网络传输的格式（如字节序列、字符串等）的约定与规则，并能够通过反序列化将这种格式还原为原始的数据结构。其核心目的是解决跨进程、跨网络、跨语言的数据交换问题。
常见序列化协议及优缺点：
JSON：优点是可读性强、跨语言、使用广泛；缺点是数据体积较大、解析性能一般、不支持二进制数据。
XML：优点是结构清晰、支持复杂元数据；缺点是冗余度高、解析慢、体积大。
Protocol Buffers (Protobuf)：优点是二进制格式、体积小、序列化/反序列化速度快、支持跨语言和多版本兼容；缺点是可读性差、需要预先定义.proto文件。
Thrift：优点是支持多种序列化格式（二进制、压缩等）和多种传输协议，性能高；缺点是学习成本较高，配置复杂。
MessagePack：优点是二进制紧凑、比JSON更小更快、保留JSON语义；缺点是可读性差、工具链相对少。
Avro：优点是依赖动态schema、适合大数据场景（如Hadoop），支持模式演化；缺点是可读性差、需要Schema注册。"
FLUSH18,frontend,完全二叉树最适合用什么方法存储，为什么？,shortanswer,,,,,,顺序存储（数组）,完全二叉树的节点编号与数组下标一一对应（根节点为1或0，左子节点为2i，右子节点为2i+1），可以紧凑地存储而无需指针，能充分利用数组空间且无存储碎片，同时支持随机访问父节点和子节点，存储效率高。
FLUSH19,frontend,给定两个字符串，确定其中一个字符串重新排列后是否可以包含另外一个字符串？,shortanswer,"例如
给出字符串：ac 以及 abc，对字符串abc重新排列生成acb包含字符串ac，返回true",,,,,,"/**
 * @param {string} target
 * @param {string} source
 * @return {boolean}
 */
var canBeFormedFrom = function(target, source) {
    // 统计 source 中每个字符的频次
    const freq = {};
    for (const ch of source) {
        freq[ch] = (freq[ch] || 0) + 1;
    }
    // 检查 target 的每个字符是否都能从 source 中取到足够数量
    for (const ch of target) {
        if (!freq[ch]) return false;
        freq[ch]--;
    }
    return true;
};"
FLUSH20,frontend,请列举你日常学习的渠道，比如哪些网站、博客等。以及描述一下你认为的高效学习方式。,shortanswer,,,,,,,
FLUSH21,frontend,输出1到999中所有不包含5的整数。编程用c/c++/python或者java实现。,shortanswer,,,,,,,"def hasNoFive(n):
    while n > 0:
        if n % 10 == 5:
            return False
        n //= 10
    return True
for i in range(1,1000):
    if hasNoFive(i):
        print(i)"
FLUSH22,frontend,有一个非空的乱序数组，其中有若干个0。请将所有的0，移动到数组末尾。编程用c++/python/java其中的一种实现,shortanswer,,,,,,,"class Solution(object):
    def moveZeroes(self, nums):
        """"""
        :type nums: List[int]
        :rtype: None Do not return anything, modify nums in-place instead.
        """"""
        count0 = nums.count(0)
        for i in range(count0):
            nums.remove(0)
            nums.append(0)
        return nums"
FLUSH23,frontend,阅读下列代码，请问最终p标签的背景色是？并说出至少2点该样式生效的理由,shortanswer,"html: 
	<div id-""box""class-""box""><p id-""tag""class-""tag""></p></div>
CSS:
	p {background:#000}
	#box p {background:#001}
	#tag {background:#002}
	.box .tag{background:#003}
	 div #tag{background:#004}
	.box p{background:#005}",,,,,#004,"第1梯队：
  ├─ #box p     → 0,1,0,1
  └─ div #tag   → 0,1,0,1  ← 同权重，后声明覆盖前者
第2梯队：
  └─ #tag       → 0,1,0,0  ← 少一个元素选择器
第3梯队：
  ├─ .box .tag  → 0,0,2,0
  └─ .box p     → 0,0,1,1
第4梯队：
  └─ p          → 0,0,0,1"
FLUSH24,frontend,创建一个节点，插入到页面中。设置其背景为红色，宽100px，高100px，样式名称demo，绑定点击事件，点击后该节点隐藏,shortanswer,,,,,,,"// 创建节点
var demo = document.createElement('div');
// 设置类名
demo.className = 'demo';
// 设置样式：背景红色，宽100px，高100px
demo.style.backgroundColor = 'red';
demo.style.width = '100px';
demo.style.height = '100px';
// 绑定点击事件，点击后隐藏
demo.addEventListener('click', function() {
    demo.style.display = 'none';
});
// 插入到页面中
document.body.appendChild(demo);"
FLUSH25,frontend,页面中有一个节点A，请实现点击它，让网页中所有宽度大于100px的图片隐藏,shortanswer,,,,,,,"let A = document.getElementById('A');
A.onclick = function() {
    let imgs = document.querySelectorAll('img');
    imgs.forEach(function(img) {
        let width = img.offsetWidth;
        if (width > 100) {
            img.style.display = 'none';
        }
    })
}"
FLUSH26,frontend,"页面中有一个节点A，内部有子节点B（class=“b""）和c(class=""c""），请实现以下功能，在A上面设置点击事件，A发生单击事件时，分辩出当前被点击对象是B还是C",shortanswer,,,,,,,"let A = document.getElementById('A');
A.onclick = function(e) {
    const target = e.target;
    if (target.classList.contains('b')) {
        console.log('当前点击对象是 B');
    } else if (target.classList.contains('c')) {
        console.log('当前点击对象是 C');
    }
}"
FLUSH27,frontend,chrome中打开一个网页看到<script src-xx.js/script>这样的标签放在了body底部，如果是你，你会在什么样的前提下这么做？,shortanswer,,,,,,,该脚本的加载和执行，可以且应该发生在页面主要内容渲染完成之后。
FLUSH28,frontend,请将以下字符串中的div加粗,shortanswer,"`<div id=""content"">otherdivabc<div>3adiv4b</div>d</div> `
例如：比如替换成下面形式
`<div id-""content>other<span style='font-weight:bold;'>div</span>abc<div>3a<span style='font-weight:bold;'>div</span>4b</div>d</div>`",,,,,,"function boldDivOutsideTags(html) {
    return html.replace(/(<[^>]*>)|(div)/g, function(match, tag, div) {
        if (tag) return tag; // 保留标签
        if (div) return '<span style=""font-weight:bold;"">div</span>';
    });
}
const contentDiv = document.getElementById('content');
contentDiv.innerHTML = boldDivOutsideTags(contentDiv.innerHTML);"
FLUSH29,frontend,以下代码是否有问题，如果有请说明理由并进行改进,shortanswer,"<ul>
	<li>text1</li> 
	<li>text2</li>
</ul>
<script>
	var lis=document.querySelectorAll(""li"");
	lis.forEach(function(li,i){
		li.addEventListener(""click"",function(e) {
			console.log(lis[i].innerText);
		})
	})
</script>",,,,,,"这段代码存在一个经典的 JavaScript 闭包陷阱，但在这个特定写法中恰好能正常工作，不过仍有潜在风险。
为什么这里能工作？
	forEach 的回调函数 每次迭代都会创建新的作用域，参数 i 是该作用域的局部变量，每个闭包捕获的是各自迭代中独立的 i 值。
更健壮的写法:
lis.forEach(function(li) {
    li.addEventListener(""click"", function(e) {
        console.log(this.innerText);      // this 指向被点击的 li
        // 或
        console.log(e.target.innerText);  // 事件目标
    });
});"
FLUSH30,frontend,不少于3种方式实现多维数组实现降维（扁平化）,shortanswer,"如[[1, 2], [3, [4, [5, 6]]]] ->[1, 2, 3, 4, 5, 6]",,,,,,"""""""1. 使用原生 Array.prototype.flat(Infinity)
const arr = [[1, 2], [3, [4, [5, 6]]]];
const flatArr = arr.flat(Infinity);
console.log(flatArr); // [1, 2, 3, 4, 5, 6]
2. 递归 + reduce
function flatten(arr) {
    return arr.reduce((acc, val) => 
        acc.concat(Array.isArray(val) ? flatten(val) : val), []);
}
console.log(flatten(arr));
3. 递归 + forEach + 扩展运算符
function flatten(arr) {
    let result = [];
    arr.forEach(item => {
        if (Array.isArray(item)) {
            result.push(...flatten(item));
        } else {
            result.push(item);
        }
    });
    return result;
}
console.log(flatten(arr));"""""""
